clade	gene	site	alt
A	ORF8	84	S
A.1	ORF1b	1464	C
A.2	N	197	L
A.3	ORF1a	75	E
A.3	ORF1b	1757	L
A.3	ORF8	62	L
A.4	nuc	8	A
A.4	nuc	16381	A
A.4	nuc	4540	T
A.5	nuc	26088	T
A.6	ORF1a	796	I
B.1	ORF1b	314	L
B.2	ORF3a	251	V
B.3	ORF1a	392	D
B.4	ORF1a	378	I
B.4	nuc	29635	T
B.6	ORF1a	2016	K
B.6	nuc	6312	A
B.9	ORF1a	2609	F
B.9	ORF1a	547	V
B.1.1.7	ORF1a	1001	I
B.1.1.7	ORF1a	2230	T
B.1.1.7	S	982	A
B.1.351	ORF1a	1655	N
B.1.351	ORF1a	3353	R
B.1.375	M	48	V
B.1.375	ORF1a	1828	A
B.1.375	ORF1b	1264	D
B.1.429	ORF1a	265	I
B.1.429	ORF1a	4295	V
B.1.429	S	13	I
B.1.429	S	152	C
B.1.429	S	614	G
B.1.429	N	205	I
B.1.525	E	21	F
B.1.525	N	12	G
B.1.525	M	82	T
B.1.526	S	5	F
B.1.526	S	95	I
B.1.526	S	253	G
P.1	N	80	R
P.1	ORF1a	1188	L
P.1	ORF1b	1264	D
P.1	S	501	Y